Algorithm,version,Shapley Value,Temporal Shapley Value,Standalone Performance,Marginal Performance,Temporal Marginal Performance
Vampire---4.0-6.3.0,6.3.0,102.68132,1300.99395,12771.00000,0.00000,247.00000
VampireZ3---1.0-6.3.0,6.3.0,66.65402,815.80961,11588.00000,0.00000,4.00000
ET---0.2-6.3.0,6.3.0,63.62693,813.82537,10496.00000,0.00000,38.00000
Isabelle---2015-6.3.0,6.3.0,55.61679,811.61121,10591.00000,0.00000,2.00000
Isabelle-HOT---2015-6.3.0,6.3.0,54.53504,798.38747,10509.00000,0.00000,0.00000
E-SAT---1.9.1-6.3.0,6.3.0,59.86264,781.64960,10910.00000,0.00000,2.00000
E---1.9.1-6.3.0,6.3.0,59.72853,778.64936,10903.00000,0.00000,0.00000
LEO-II---1.6.2-6.3.0,6.3.0,33.72735,519.82403,6635.00000,0.00000,13.00000
CVC4---1.5pre-6.3.0,6.3.0,37.92625,488.20026,8021.00000,1.00000,23.00000
iProver---2.0-6.3.0,6.3.0,34.12485,434.12227,7738.00000,0.00000,13.00000
Beagle---0.9.32-6.3.0,6.3.0,32.30458,396.21722,7664.00000,0.00000,3.00000
Satallax---2.8-6.3.0,6.3.0,24.54587,391.41905,2161.00000,0.00000,12.00000
SPASS---3.7-6.3.0,6.3.0,29.64947,387.52271,7929.00000,0.00000,2.00000
Prover9---1109a-6.3.0,6.3.0,25.75197,359.77018,6395.00000,0.00000,39.00000
Satallax_MaLeS---1.3-6.3.0,6.3.0,19.90487,347.24524,2031.00000,0.00000,13.00000
SNARK---20120808r022-6.3.0,6.3.0,26.11254,333.51259,6844.00000,0.00000,1.00000
CVC4-SAT---1.5pre-6.3.0,6.3.0,25.47705,323.74413,6634.00000,0.00000,1.00000
Nitpick---2015-6.3.0,6.3.0,25.19219,309.88029,1660.00000,0.00000,103.00000
Z3---4.4-TPTP-6.3.0,6.3.0,24.93901,297.67855,4707.00000,0.00000,11.00000
E-Darwin---1.5-6.3.0,6.3.0,21.78300,283.70925,6510.00000,0.00000,0.00000
agsyHOL---1.0-6.3.0,6.3.0,16.28178,274.04286,1731.00000,0.00000,8.00000
Darwin---1.4.5-6.3.0,6.3.0,20.26499,262.97438,5844.00000,0.00000,3.00000
iProver-Eq---0.85-6.3.0,6.3.0,19.54956,251.91944,5921.00000,0.00000,0.00000
Bliksem---1.12-6.3.0,6.3.0,17.33284,242.31106,5170.00000,0.00000,20.00000
TPS---3.120601S1b-6.3.0,6.3.0,14.41167,234.25952,1480.00000,0.00000,22.00000
Geo-III---2015E-6.3.0,6.3.0,17.79609,227.87938,4773.00000,0.00000,10.00000
Equinox---5.0-6.3.0,6.3.0,17.43680,222.66909,4955.00000,0.00000,1.00000
ZenonModulo---0.4.1-6.3.0,6.3.0,13.63873,220.74363,3206.00000,0.00000,97.00000
DCTP---1.31-6.3.0,6.3.0,17.05786,213.74698,3575.00000,0.00000,52.00000
Metis---2.3-6.3.0,6.3.0,16.34924,212.36052,5215.00000,0.00000,1.00000
Fampire---1.3-6.3.0,6.3.0,14.10006,191.83674,3781.00000,0.00000,1.00000
SRASS---0.1-6.3.0,6.3.0,13.83906,189.90431,3695.00000,0.00000,2.00000
Gandalf---c-2.6-6.3.0,6.3.0,14.15154,188.23107,3575.00000,0.00000,1.00000
SInE---0.4-6.3.0,6.3.0,13.91244,187.45631,3683.00000,0.00000,0.00000
Vampire-SAT---4.0-6.3.0,6.3.0,17.04334,184.34556,1670.00000,0.00000,18.00000
iProverMo---0.7-0.3-6.3.0,6.3.0,13.48887,177.98202,4196.00000,0.00000,0.00000
ePrincess---1.0-6.3.0,6.3.0,11.62671,160.50915,3350.00000,0.00000,2.00000
iProver-SAT---2.0-6.3.0,6.3.0,11.57108,160.20641,1463.00000,0.00000,53.00000
Paradox---4.0-6.3.0,6.3.0,12.36532,150.41331,1468.00000,0.00000,4.00000
CVC4-TFN---1.5pre-6.3.0,6.3.0,11.14497,123.44823,934.00000,0.00000,5.00000
CVC4-TFF---1.5pre-6.3.0,6.3.0,11.27288,123.17641,956.00000,0.00000,0.00000
leanCoP---2.2-6.3.0,6.3.0,8.66064,118.86641,2758.00000,0.00000,0.00000
Vampire---4.2-7.0.0,7.0.0,124.42367,118.00000,13265.00000,0.00000,114.00000
SOS---2.0-6.3.0,6.3.0,8.62194,112.85904,3170.00000,0.00000,0.00000
ZenonArith---0.1.0-6.3.0,6.3.0,12.44833,112.15255,2270.00000,0.00000,6.00000
DarwinFM---1.4.5-6.3.0,6.3.0,8.69857,101.81258,1354.00000,0.00000,0.00000
cocATP---0.2.0-6.3.0,6.3.0,6.46652,100.56667,725.00000,0.00000,3.00000
Princess---150706-6.3.0,6.3.0,9.73637,97.86850,887.00000,0.00000,0.00000
FDP---0.9.16-6.3.0,6.3.0,7.49720,96.12333,2387.00000,0.00000,0.00000
Vampire---4.0.5-6.4.0,6.4.0,123.35010,88.50000,12871.00000,18.00000,70.00000
Mace4---1109a-6.3.0,6.3.0,7.12813,86.41338,999.00000,0.00000,2.00000
Refute---2015-6.3.0,6.3.0,7.04710,85.93279,458.00000,0.00000,0.00000
Zipperpin---0.4-6.3.0,6.3.0,6.46308,85.33750,2365.00000,0.00000,0.00000
Waldmeister---710-6.3.0,6.3.0,6.12147,83.39017,740.00000,0.00000,30.00000
Muscadet---4.5-6.3.0,6.3.0,5.94418,81.06742,1672.00000,0.00000,4.00000
Zipperpin-TFF---0.4-6.4.0,6.4.0,11.75581,76.00000,590.00000,0.00000,76.00000
SPASS+T---2.2.22-6.3.0,6.3.0,7.36056,72.89651,757.00000,0.00000,0.00000
S-SETHEO---0.0-6.3.0,6.3.0,5.27335,69.62047,1768.00000,0.00000,0.00000
SuperZenon---0.0.1-6.3.0,6.3.0,4.87730,63.34603,1850.00000,0.00000,0.00000
Faust---1.0-6.3.0,6.3.0,4.70578,62.03481,1884.00000,0.00000,0.00000
Zenon---0.7.1-6.3.0,6.3.0,4.63913,60.27010,1787.00000,0.00000,0.00000
Leo-III---1.2-7.1.0,7.1.0,50.43559,59.00000,6384.00000,2.00000,48.00000
Zipperpin-TFF---0.4-6.3.0,6.3.0,5.53477,51.64816,433.00000,0.00000,5.00000
SnakeForV---1.0-8.2.0,8.2.0,157.20942,44.50000,13236.00000,33.00000,33.00000
GrAnDe---1.1-6.3.0,6.3.0,3.29043,43.31597,645.00000,0.00000,8.00000
SPASS-XDB---0.8-6.3.0,6.3.0,4.47684,43.30588,479.00000,0.00000,0.00000
Z3---4.4.1-6.4.0,6.4.0,42.17566,40.66667,8102.00000,0.00000,24.00000
SETHEO---3.3-6.3.0,6.3.0,3.03524,39.43517,1100.00000,0.00000,0.00000
Otter---3.3-6.3.0,6.3.0,2.94463,38.08923,1068.00000,0.00000,0.00000
Fiesta---2-6.3.0,6.3.0,2.25495,30.25207,633.00000,0.00000,0.00000
Vampire---4.5-7.4.0,7.4.0,148.78105,27.00000,15144.00000,2.00000,26.00000
EQP---0.9e-6.3.0,6.3.0,1.91732,25.77100,571.00000,0.00000,0.00000
Matita---1.0-6.3.0,6.3.0,1.83525,24.46794,551.00000,0.00000,0.00000
CARINE---0.734-6.3.0,6.3.0,1.86338,24.27735,745.00000,0.00000,0.00000
CiME---2.01-6.3.0,6.3.0,1.75949,23.46805,529.00000,0.00000,0.00000
Twee---2.1.5-7.2.0,7.2.0,21.48141,21.00000,4272.00000,0.00000,21.00000
Zipperpin---2.0-7.5.0,7.5.0,60.94501,21.00000,10211.00000,1.00000,20.00000
Vampire-SAT---4.0.5-6.4.0,6.4.0,21.28608,20.16667,1786.00000,0.00000,14.00000
Satallax---3.2-7.0.0,7.0.0,27.33735,15.66667,2317.00000,0.00000,15.00000
CVC4---1.5.2-7.0.0,7.0.0,40.38070,13.00000,8263.00000,0.00000,11.00000
CVC4-SAT---1.7-7.4.0,7.4.0,73.57853,13.00000,9557.00000,1.00000,13.00000
Leo-III---1.5.6-7.5.0,7.5.0,75.91447,13.00000,11026.00000,1.00000,13.00000
Princess---150706-6.4.0,6.4.0,22.74355,12.66667,4436.00000,0.00000,3.00000
Zipperpin---1.4-7.1.0,7.1.0,47.49357,12.00000,8366.00000,0.00000,1.00000
SnakeForV-SAT---1.0-8.2.0,8.2.0,89.72068,11.50000,12061.00000,0.00000,0.00000
Leo-III---1.3-7.3.0,7.3.0,68.69794,11.22548,10874.00000,1.00000,11.00000
Vampire---4.3-7.3.0,7.3.0,121.44325,10.72548,13136.00000,1.00000,10.00000
cvc5---1.0-8.0.0,8.0.0,76.01154,10.00000,11215.00000,0.00000,10.00000
Leo-III---1.4-7.4.0,7.4.0,72.92511,10.00000,10966.00000,1.00000,9.00000
Enigma---0.5.1-7.5.0,7.5.0,44.10377,9.50000,6017.00000,0.00000,9.00000
E---2.5-7.4.0,7.4.0,66.27011,9.00000,11207.00000,0.00000,0.00000
E-SAT---2.5-7.4.0,7.4.0,63.25362,9.00000,11018.00000,0.00000,0.00000
Vampire---4.5.1-7.5.0,7.5.0,148.69738,8.33333,15195.00000,1.00000,6.00000
Geo-III---2016C-7.0.0,7.0.0,16.86793,8.00000,4526.00000,0.00000,8.00000
E-SAT---2.0-7.0.0,7.0.0,56.98140,6.16667,10768.00000,0.00000,0.00000
CVC4---1.7-7.4.0,7.4.0,73.71488,6.00000,11171.00000,1.00000,6.00000
GrAnDe---1.1-7.3.0,7.3.0,4.43760,6.00000,734.00000,0.00000,6.00000
lambdaE---22.03.23-8.0.0,8.0.0,30.79368,6.00000,2178.00000,3.00000,4.00000
E-SAT---1.9.1-6.4.0,6.4.0,59.94925,6.00000,10856.00000,0.00000,1.00000
Zipperpin---2.1-8.0.0,8.0.0,61.24608,6.00000,10436.00000,0.00000,4.00000
E---2.0-7.0.0,7.0.0,58.14580,5.83333,10820.00000,0.00000,0.00000
CVC4---1.5j8-6.4.0,6.4.0,36.18950,5.50000,8024.00000,0.00000,5.00000
E-SAT---2.4-7.3.0,7.3.0,60.18742,5.22548,10888.00000,0.00000,0.00000
E---2.4-7.3.0,7.3.0,64.38393,5.22548,11102.00000,0.00000,0.00000
Lash---1.11-8.1.0,8.1.0,28.59188,5.00000,2135.00000,3.00000,5.00000
SATCoP---0.1-8.0.0,8.0.0,27.86834,5.00000,6377.00000,0.00000,5.00000
ET---2.0-7.1.0,7.1.0,28.38542,5.00000,4913.00000,0.00000,5.00000
Waldmeister---710-6.4.0,6.4.0,6.90389,5.00000,840.00000,0.00000,5.00000
iProver---3.5-7.5.0,7.5.0,64.17206,4.50000,10833.00000,0.00000,4.00000
iProver---3.0-7.3.0,7.3.0,41.40231,4.22548,9119.00000,0.00000,3.00000
E---2.6-7.5.0,7.5.0,90.36895,4.16667,13338.00000,0.00000,1.00000
CSE_E---1.1-7.4.0,7.4.0,59.02223,4.00000,9900.00000,2.00000,4.00000
Nitpick---2015-6.4.0,6.4.0,25.63139,4.00000,1669.00000,0.00000,2.00000
E-SAT---2.6-7.5.0,7.5.0,86.93875,3.66667,13074.00000,0.00000,1.00000
iProver---2.6-7.0.0,7.0.0,35.37832,3.50000,7889.00000,0.00000,2.00000
CVC4---1.9-7.5.0,7.5.0,72.74794,3.00000,11151.00000,1.00000,3.00000
Twee---2.4-8.0.0,8.0.0,22.82827,3.00000,4615.00000,0.00000,3.00000
iProver---3.5-8.1.0,8.1.0,55.15248,3.00000,10194.00000,3.00000,3.00000
Vampire---4.6.1-8.0.0,8.0.0,150.33070,3.00000,15204.00000,2.00000,3.00000
Zipperpin---1.5-7.4.0,7.4.0,40.45002,3.00000,8273.00000,0.00000,3.00000
Leo-III---1.6.6-8.0.0,8.0.0,78.20439,3.00000,11158.00000,0.00000,3.00000
cvc5-SAT---1.0-8.0.0,8.0.0,51.01032,3.00000,9003.00000,0.00000,3.00000
Mace4---1109a-6.4.0,6.4.0,8.34102,2.83333,1007.00000,1.00000,1.00000
iProver---2.5-6.4.0,6.4.0,34.74577,2.83333,7829.00000,0.00000,2.00000
E---1.9.1-6.4.0,6.4.0,60.81237,2.50000,10938.00000,0.00000,0.00000
CVC4-TFF---1.5.2-7.0.0,7.0.0,14.21977,2.50000,1064.00000,0.00000,2.00000
Twee---1.0-6.4.0,6.4.0,4.00130,2.50000,711.00000,0.00000,2.00000
CSE_E---1.2-7.5.0,7.5.0,63.55262,2.33333,10224.00000,0.00000,2.00000
CVC4---1.7-7.3.0,7.3.0,51.95730,2.22548,9215.00000,0.00000,2.00000
CVC4-SAT---1.7-7.3.0,7.3.0,40.67091,2.19100,7696.00000,0.00000,2.00000
Isabelle-HOT---2016-7.0.0,7.0.0,55.47898,2.16667,10611.00000,0.00000,0.00000
iProver-SAT---2.5-6.4.0,6.4.0,11.82625,2.16667,1474.00000,0.00000,0.00000
Isabelle---2016-7.0.0,7.0.0,56.14078,2.16667,10683.00000,0.00000,0.00000
Z3---4.8.9.0-7.4.0,7.4.0,44.64258,2.00000,8243.00000,0.00000,2.00000
iProver---2.6-7.1.0,7.1.0,36.49279,2.00000,7900.00000,1.00000,2.00000
iProver---2.7.5-7.2.0,7.2.0,37.30177,2.00000,7987.00000,1.00000,2.00000
Satallax---3.5-7.5.0,7.5.0,27.32065,2.00000,2309.00000,0.00000,2.00000
Etableau---0.67-8.0.0,8.0.0,44.51037,2.00000,9412.00000,0.00000,2.00000
Paradox---3.0-6.4.0,6.4.0,16.38581,2.00000,2790.00000,0.00000,1.00000
CSE_E---1.4-8.2.0,8.2.0,61.78222,2.00000,10085.00000,2.00000,2.00000
Twee---2.4-8.1.0,8.1.0,25.05036,2.00000,4682.00000,0.00000,2.00000
Vampire-SAT---4.2-7.0.0,7.0.0,20.57086,2.00000,1769.00000,0.00000,1.00000
CVC4---1.5.2-7.1.0,7.1.0,53.52819,2.00000,9288.00000,0.00000,2.00000
Princess---170717-7.1.0,7.1.0,23.43099,2.00000,4503.00000,0.00000,2.00000
iProver-SAT---3.0-7.3.0,7.3.0,40.75820,1.72548,8788.00000,0.00000,1.00000
Beagle---0.9.47-7.0.0,7.0.0,31.01579,1.50000,7562.00000,0.00000,1.00000
iProver-SAT---3.5-7.5.0,7.5.0,54.35602,1.50000,10170.00000,1.00000,1.00000
Vampire-SAT---4.3-7.3.0,7.3.0,64.32541,1.22548,10383.00000,0.00000,1.00000
CSE_E---1.0-7.3.0,7.3.0,54.19231,1.22548,9870.00000,0.00000,1.00000
CSE---1.4-8.0.0,8.0.0,15.63291,1.00000,4653.00000,0.00000,1.00000
Z3---4.8.9.0-8.2.0,8.2.0,45.61107,1.00000,8245.00000,1.00000,1.00000
Paradox---4.0-7.1.0,7.1.0,17.74397,1.00000,2899.00000,0.00000,1.00000
Twee---2.4.1-8.2.0,8.2.0,24.62022,1.00000,4620.00000,1.00000,1.00000
CSE_E---1.3-8.0.0,8.0.0,63.93004,1.00000,10224.00000,1.00000,1.00000
Twee---2.0-7.1.0,7.1.0,4.35216,1.00000,758.00000,0.00000,1.00000
Leo-III---1.2-7.2.0,7.2.0,47.97005,1.00000,6365.00000,0.00000,1.00000
GKC---0.7-8.0.0,8.0.0,40.01894,1.00000,8432.00000,0.00000,1.00000
Vampire-SAT---4.2-7.1.0,7.1.0,61.04699,1.00000,10279.00000,0.00000,1.00000
E---2.6.X-8.1.0,8.1.0,78.30268,1.00000,12719.00000,1.00000,1.00000
cvc5---1.0-8.2.0,8.2.0,75.77334,1.00000,11239.00000,1.00000,1.00000
Vampire---4.6.1-8.1.0,8.1.0,148.90713,1.00000,15278.00000,1.00000,1.00000
CVC4-SAT---1.5.2-7.1.0,7.1.0,37.15275,1.00000,7485.00000,0.00000,1.00000
SOS---2.0-8.1.0,8.1.0,9.08096,1.00000,3113.00000,0.00000,1.00000
SATCoP---0.1-8.1.0,8.1.0,28.66222,1.00000,6423.00000,0.00000,1.00000
Vampire-SAT---4.5.1-7.5.0,7.5.0,63.59896,1.00000,10467.00000,1.00000,1.00000
Vampire-SAT---4.5-7.4.0,7.4.0,62.51307,1.00000,10482.00000,0.00000,1.00000
cvc5-SAT---1.0-8.2.0,8.2.0,57.48275,1.00000,8874.00000,1.00000,1.00000
Crossbow---0.1-7.4.0,7.4.0,5.03896,1.00000,595.00000,0.00000,1.00000
Prover9---1109a-8.1.0,8.1.0,26.07408,1.00000,6112.00000,0.00000,1.00000
GKC---0.5.1-7.5.0,7.5.0,36.17161,1.00000,8110.00000,0.00000,1.00000
Zipperpin---2.1.999-8.2.0,8.2.0,62.38076,1.00000,10438.00000,1.00000,1.00000
LEO-II---1.7.0-7.0.0,7.0.0,33.92140,1.00000,6668.00000,0.00000,1.00000
iProver-SAT---2.6-7.0.0,7.0.0,12.58277,0.50000,1522.00000,0.00000,0.00000
E---3.0-8.2.0,8.2.0,85.70660,0.50000,13025.00000,0.00000,0.00000
E-SAT---3.0-8.2.0,8.2.0,85.80330,0.50000,13025.00000,0.00000,0.00000
Refute---2015-6.4.0,6.4.0,7.16338,0.50000,463.00000,0.00000,0.00000
SPASS+T---2.2.22-6.4.0,6.4.0,8.05028,0.50000,805.00000,0.00000,0.00000
CVC4-TFN---1.5j8-6.4.0,6.4.0,11.19844,0.33333,939.00000,0.00000,0.00000
CVC4-TFF---1.5j8-6.4.0,6.4.0,11.34503,0.33333,963.00000,0.00000,0.00000
Zipperpin---1.4-7.3.0,7.3.0,47.27270,0.22548,8380.00000,0.00000,0.00000
Z3---4.4.1-7.3.0,7.3.0,42.21294,0.22548,8110.00000,0.00000,0.00000
SPASS---3.9-7.3.0,7.3.0,28.64294,0.22548,7776.00000,0.00000,0.00000
Isabelle---2016-7.3.0,7.3.0,55.80293,0.22548,10655.00000,0.00000,0.00000
Beagle---0.9.47-7.3.0,7.3.0,31.18544,0.22548,7582.00000,0.00000,0.00000
Isabelle-HOT---2016-7.3.0,7.3.0,55.17324,0.22548,10584.00000,0.00000,0.00000
SNARK---20120808r022-7.3.0,7.3.0,26.22686,0.22548,6855.00000,0.00000,0.00000
Prover9---1109a-7.3.0,7.3.0,25.82059,0.22548,6413.00000,0.00000,0.00000
Crossbow---0.1-6.3.0,6.3.0,0.01980,0.22222,2.00000,0.00000,0.00000
Metis---2.4-7.3.0,7.3.0,16.37575,0.18702,5202.00000,0.00000,0.00000
CSE---1.1-7.3.0,7.3.0,14.02376,0.18702,4547.00000,0.00000,0.00000
Equinox---6.0.1a-7.3.0,7.3.0,20.81263,0.18702,6036.00000,0.00000,0.00000
ZenonModulo---0.4.2-7.3.0,7.3.0,17.07092,0.15254,3311.00000,0.00000,0.00000
iProverMo---2.5-0.1-7.3.0,7.3.0,11.66976,0.15254,3352.00000,0.00000,0.00000
Darwin---1.4.5-7.3.0,7.3.0,20.28680,0.15254,5848.00000,0.00000,0.00000
E-Darwin---1.5-7.3.0,7.3.0,21.76230,0.15254,6504.00000,0.00000,0.00000
Otter---3.3-7.3.0,7.3.0,3.53678,0.14702,1281.00000,0.00000,0.00000
Bliksem---1.12-7.3.0,7.3.0,17.37316,0.14702,5178.00000,0.00000,0.00000
SInE---0.4-7.3.0,7.3.0,14.04865,0.07294,3703.00000,0.00000,0.00000
Fampire---1.3-7.3.0,7.3.0,14.11474,0.07294,3784.00000,0.00000,0.00000
Princess---170717-7.3.0,7.3.0,23.44153,0.07294,4505.00000,0.00000,0.00000
ET---2.0-7.3.0,7.3.0,31.75772,0.07294,5104.00000,0.00000,0.00000
ePrincess---1.0-7.3.0,7.3.0,11.64823,0.07294,3353.00000,0.00000,0.00000
LEO-II---1.7.0-7.3.0,7.3.0,33.75306,0.07294,6663.00000,0.00000,0.00000
Twee---2.2-7.3.0,7.3.0,7.68769,0.03846,1869.00000,0.00000,0.00000
Muscadet---4.5-7.3.0,7.3.0,6.01939,0.03448,1688.00000,0.00000,0.00000
Moca---0.1-7.3.0,7.3.0,1.71465,0.00000,648.00000,0.00000,0.00000
Refute---2015-7.4.0,7.4.0,7.16338,0.00000,463.00000,0.00000,0.00000
Mace4---1109a-7.3.0,7.3.0,7.27208,0.00000,1003.00000,0.00000,0.00000
Waldmeister---710-8.1.0,8.1.0,7.29577,0.00000,837.00000,0.00000,0.00000
CARINE---0.734-8.0.0,8.0.0,1.85962,0.00000,744.00000,0.00000,0.00000
Isabelle-HOT---2015-6.4.0,6.4.0,54.90930,0.00000,10551.00000,0.00000,0.00000
iProver-SAT---3.7-8.2.0,8.2.0,9.53604,0.00000,1433.00000,0.00000,0.00000
PyRes---1.3-8.0.0,8.0.0,9.12328,0.00000,3354.00000,0.00000,0.00000
CiME---2.01-8.1.0,8.1.0,1.76305,0.00000,530.00000,0.00000,0.00000
Infinox---1.0-8.1.0,8.1.0,0.00000,0.00000,0.00000,0.00000,0.00000
Enigma---0.5.1-8.2.0,8.2.0,44.59902,0.00000,6041.00000,0.00000,0.00000
E-KRHyper---1.4-7.1.0,7.1.0,0.00000,0.00000,0.00000,0.00000,0.00000
Nitpick---2016-7.0.0,7.0.0,25.36243,0.00000,1661.00000,0.00000,0.00000
DarwinFM---1.4.5-7.4.0,7.4.0,8.72887,0.00000,1355.00000,0.00000,0.00000
ET---2.0-8.0.0,8.0.0,30.94612,0.00000,5079.00000,0.00000,0.00000
Satallax_MaLeS---1.3-7.2.0,7.2.0,19.63196,0.00000,2026.00000,0.00000,0.00000
Equinox---5.0-7.0.0,7.0.0,17.36772,0.00000,4923.00000,0.00000,0.00000
Metis---2.3-6.4.0,6.4.0,16.34924,0.00000,5215.00000,0.00000,0.00000
Otter---3.3-7.2.0,7.2.0,3.50434,0.00000,1273.00000,0.00000,0.00000
DCTP---1.31-7.2.0,7.2.0,17.05786,0.00000,3575.00000,0.00000,0.00000
SPASS---3.9-8.0.0,8.0.0,28.64294,0.00000,7776.00000,0.00000,0.00000
Princess---170717-8.1.0,8.1.0,23.47389,0.00000,4502.00000,0.00000,0.00000
Scavenger---EP-0.1-7.0.0,7.0.0,0.00000,0.00000,0.00000,0.00000,0.00000
leanCoP---2.2-8.2.0,8.2.0,8.97069,0.00000,2826.00000,0.00000,0.00000
Vampire-SAT---4.6.1-8.0.0,8.0.0,62.95626,0.00000,10502.00000,0.00000,0.00000
nanoCoP---1.1-8.0.0,8.0.0,8.42055,0.00000,2738.00000,0.00000,0.00000
SPASS+T---2.2.22-7.2.0,7.2.0,8.04055,0.00000,805.00000,0.00000,0.00000
Refute---2015-7.3.0,7.3.0,7.16338,0.00000,463.00000,0.00000,0.00000
CiME---2.01-8.2.0,8.2.0,1.76305,0.00000,530.00000,0.00000,0.00000
Darwin---1.4.5-8.0.0,8.0.0,20.28680,0.00000,5848.00000,0.00000,0.00000
Waldmeister---710-8.0.0,8.0.0,6.90389,0.00000,840.00000,0.00000,0.00000
Geo-III---2018C-7.5.0,7.5.0,18.48296,0.00000,4771.00000,0.00000,0.00000
SInE---0.4-8.1.0,8.1.0,14.04865,0.00000,3703.00000,0.00000,0.00000
SPASS---3.9-8.1.0,8.1.0,28.93892,0.00000,7820.00000,0.00000,0.00000
S-SETHEO---0.0-7.3.0,7.3.0,5.27335,0.00000,1768.00000,0.00000,0.00000
HOLyHammer---0.21-7.4.0,7.4.0,11.27266,0.00000,1297.00000,0.00000,0.00000
Drodi---3.1-7.5.0,7.5.0,22.55227,0.00000,6684.00000,0.00000,0.00000
LEO-II---1.7.0-7.1.0,7.1.0,33.91861,0.00000,6667.00000,0.00000,0.00000
SNARK---20120808r022-7.5.0,7.5.0,26.22686,0.00000,6855.00000,0.00000,0.00000
Otter---3.3-7.5.0,7.5.0,3.53678,0.00000,1281.00000,0.00000,0.00000
Fiesta---2-7.2.0,7.2.0,2.25495,0.00000,633.00000,0.00000,0.00000
Prover9---1109a-7.2.0,7.2.0,25.78824,0.00000,6407.00000,0.00000,0.00000
agsyHOL---1.0-7.3.0,7.3.0,15.97904,0.00000,1722.00000,0.00000,0.00000
iProver-Eq---0.85-7.0.0,7.0.0,19.54956,0.00000,5921.00000,0.00000,0.00000
PEPR---0.0ps-6.4.0,6.4.0,0.00000,0.00000,0.00000,0.00000,0.00000
Princess---160606-7.0.0,7.0.0,22.93196,0.00000,4454.00000,0.00000,0.00000
SETHEO---3.3-8.0.0,8.0.0,3.03524,0.00000,1100.00000,0.00000,0.00000
SRASS---0.1-8.0.0,8.0.0,13.75370,0.00000,3657.00000,0.00000,0.00000
EQP---0.9e-7.2.0,7.2.0,1.91732,0.00000,571.00000,0.00000,0.00000
iProver-Eq---0.85-8.1.0,8.1.0,19.46114,0.00000,5882.00000,0.00000,0.00000
CSE---1.3-7.5.0,7.5.0,15.90141,0.00000,4835.00000,0.00000,0.00000
Fiesta---2-7.3.0,7.3.0,2.25495,0.00000,633.00000,0.00000,0.00000
Bliksem---1.12-7.5.0,7.5.0,17.37316,0.00000,5178.00000,0.00000,0.00000
Matita---1.0-6.4.0,6.4.0,1.83525,0.00000,551.00000,0.00000,0.00000
Z3---4.8.9.0-8.0.0,8.0.0,44.64258,0.00000,8243.00000,0.00000,0.00000
ET---0.2-6.4.0,6.4.0,63.62693,0.00000,10496.00000,0.00000,0.00000
Satallax_MaLeS---1.3-8.0.0,8.0.0,19.45531,0.00000,2019.00000,0.00000,0.00000
PyRes---1.3-8.1.0,8.1.0,9.13998,0.00000,3362.00000,0.00000,0.00000
Enigma---0.5.1-8.0.0,8.0.0,43.44812,0.00000,5990.00000,0.00000,0.00000
leanCoP---2.2-7.5.0,7.5.0,8.65470,0.00000,2756.00000,0.00000,0.00000
E-KRHyper---1.4-8.0.0,8.0.0,0.00000,0.00000,0.00000,0.00000,0.00000
PEPR---0.0ps-7.4.0,7.4.0,0.00000,0.00000,0.00000,0.00000,0.00000
Equinox---6.0.1a-7.2.0,7.2.0,20.78599,0.00000,6031.00000,0.00000,0.00000
Metis---2.4-7.4.0,7.4.0,16.37575,0.00000,5202.00000,0.00000,0.00000
leanCoP---2.2-7.3.0,7.3.0,8.65470,0.00000,2756.00000,0.00000,0.00000
CARINE---0.734-8.2.0,8.2.0,1.85962,0.00000,744.00000,0.00000,0.00000
SRASS---0.1-7.3.0,7.3.0,13.75370,0.00000,3657.00000,0.00000,0.00000
Darwin---1.4.5-7.0.0,7.0.0,20.26499,0.00000,5844.00000,0.00000,0.00000
CiME---2.01-6.4.0,6.4.0,1.75949,0.00000,529.00000,0.00000,0.00000
Vampire-SAT---4.7-8.2.0,8.2.0,70.95611,0.00000,11213.00000,0.00000,0.00000
Infinox---1.0-8.2.0,8.2.0,0.00000,0.00000,0.00000,0.00000,0.00000
FDP---0.9.16-7.1.0,7.1.0,7.49720,0.00000,2387.00000,0.00000,0.00000
SaKo---3.9-0.5.3-8.0.0,8.0.0,0.00000,0.00000,0.00000,0.00000,0.00000
Twee---2.3.1-7.5.0,7.5.0,18.49339,0.00000,4253.00000,0.00000,0.00000
CARINE---0.734-7.4.0,7.4.0,1.85962,0.00000,744.00000,0.00000,0.00000
CSE---1.5-8.2.0,8.2.0,15.21398,0.00000,4723.00000,0.00000,0.00000
lean-nanoCoP---1.0-7.1.0,7.1.0,8.90439,0.00000,2841.00000,0.00000,0.00000
SOS---2.0-7.0.0,7.0.0,8.62194,0.00000,3170.00000,0.00000,0.00000
Gandalf---c-2.6-8.1.0,8.1.0,14.11081,0.00000,3562.00000,0.00000,0.00000
SOS---2.0-7.2.0,7.2.0,8.62194,0.00000,3170.00000,0.00000,0.00000
Equinox---6.0.1a-8.2.0,8.2.0,22.04553,0.00000,6342.00000,0.00000,0.00000
Satallax_MaLeS---1.3-7.0.0,7.0.0,19.63196,0.00000,2026.00000,0.00000,0.00000
RPx---0.1-7.4.0,7.4.0,2.67791,0.00000,1109.00000,0.00000,0.00000
Scavenger---EP-0.2-7.2.0,7.2.0,0.00652,0.00000,2.00000,0.00000,0.00000
Metis---2.3-7.1.0,7.1.0,16.34924,0.00000,5215.00000,0.00000,0.00000
SOS---2.0-8.2.0,8.2.0,9.08096,0.00000,3113.00000,0.00000,0.00000
Fampire---1.3-6.4.0,6.4.0,14.10006,0.00000,3781.00000,0.00000,0.00000
ET---2.0-7.4.0,7.4.0,31.75772,0.00000,5104.00000,0.00000,0.00000
Isabelle-HOT---2016-7.2.0,7.2.0,55.35350,0.00000,10591.00000,0.00000,0.00000
SOS---2.0-7.5.0,7.5.0,8.62194,0.00000,3170.00000,0.00000,0.00000
iProver---3.7-8.2.0,8.2.0,55.42735,0.00000,10882.00000,0.00000,0.00000
Matita---1.0-7.1.0,7.1.0,1.83525,0.00000,551.00000,0.00000,0.00000
Metis---2.4-7.5.0,7.5.0,16.37575,0.00000,5202.00000,0.00000,0.00000
TPS---3.120601S1b-7.2.0,7.2.0,14.41167,0.00000,1480.00000,0.00000,0.00000
Bliksem---1.12-8.2.0,8.2.0,18.03460,0.00000,5253.00000,0.00000,0.00000
Faust---1.0-8.2.0,8.2.0,4.56370,0.00000,1826.00000,0.00000,0.00000
MaedMax---1.3-7.4.0,7.4.0,2.73959,0.00000,696.00000,0.00000,0.00000
Waldmeister---710-7.5.0,7.5.0,6.90389,0.00000,840.00000,0.00000,0.00000
FDP---0.9.16-7.4.0,7.4.0,7.49720,0.00000,2387.00000,0.00000,0.00000
Z3---4.4.1-7.2.0,7.2.0,42.18059,0.00000,8104.00000,0.00000,0.00000
Toma---0.2-8.2.0,8.2.0,0.54564,0.00000,196.00000,0.00000,0.00000
Infinox---1.0-6.3.0,6.3.0,0.00000,0.00000,0.00000,0.00000,0.00000
cocATP---0.2.0-7.0.0,7.0.0,6.19361,0.00000,720.00000,0.00000,0.00000
Mace4---1109a-7.0.0,7.0.0,7.27208,0.00000,1003.00000,0.00000,0.00000
RPx---0.1-7.5.0,7.5.0,2.64495,0.00000,1086.00000,0.00000,0.00000
CARINE---0.734-7.5.0,7.5.0,1.85962,0.00000,744.00000,0.00000,0.00000
GKC---0.7-8.1.0,8.1.0,40.64568,0.00000,8484.00000,0.00000,0.00000
Refute---2015-8.1.0,8.1.0,7.16338,0.00000,463.00000,0.00000,0.00000
Vampire-SAT---4.2-7.2.0,7.2.0,61.04699,0.00000,10279.00000,0.00000,0.00000
Satallax---3.4-7.4.0,7.4.0,27.42968,0.00000,2334.00000,0.00000,0.00000
SETHEO---3.3-8.1.0,8.1.0,3.03218,0.00000,1099.00000,0.00000,0.00000
Darwin---1.4.5-8.2.0,8.2.0,20.57006,0.00000,5891.00000,0.00000,0.00000
Zipperpin---2.1-8.1.0,8.1.0,61.55172,0.00000,10478.00000,0.00000,0.00000
DarwinFM---1.4.5-7.2.0,7.2.0,8.73539,0.00000,1357.00000,0.00000,0.00000
SuperZenon---0.0.1-8.1.0,8.1.0,4.93052,0.00000,1867.00000,0.00000,0.00000
ZenonArith---0.1.0-6.4.0,6.4.0,12.44833,0.00000,2270.00000,0.00000,0.00000
E-KRHyper---1.4-7.0.0,7.0.0,0.00000,0.00000,0.00000,0.00000,0.00000
CARINE---0.734-7.1.0,7.1.0,1.86338,0.00000,745.00000,0.00000,0.00000
Metis---2.4-8.0.0,8.0.0,16.37575,0.00000,5202.00000,0.00000,0.00000
Scavenger---EP-0.1-8.1.0,8.1.0,0.00652,0.00000,2.00000,0.00000,0.00000
Satallax_MaLeS---1.3-7.4.0,7.4.0,19.49433,0.00000,2021.00000,0.00000,0.00000
Fiesta---2-6.4.0,6.4.0,2.25495,0.00000,633.00000,0.00000,0.00000
Bliksem---1.12-6.4.0,6.4.0,17.33284,0.00000,5170.00000,0.00000,0.00000
CARINE---0.734-7.3.0,7.3.0,1.85962,0.00000,744.00000,0.00000,0.00000
leanCoP---2.2-7.2.0,7.2.0,8.65470,0.00000,2756.00000,0.00000,0.00000
nanoCoP---1.1-8.1.0,8.1.0,8.75432,0.00000,2795.00000,0.00000,0.00000
lazyCoP---0.1-8.0.0,8.0.0,11.81986,0.00000,3907.00000,0.00000,0.00000
CiME---2.01-7.4.0,7.4.0,1.76305,0.00000,530.00000,0.00000,0.00000
SETHEO---3.3-6.4.0,6.4.0,3.03524,0.00000,1100.00000,0.00000,0.00000
Geo-III---2018C-8.0.0,8.0.0,18.48633,0.00000,4772.00000,0.00000,0.00000
ET---2.0-7.5.0,7.5.0,31.75772,0.00000,5104.00000,0.00000,0.00000
agsyHOL---1.0-7.4.0,7.4.0,15.97904,0.00000,1722.00000,0.00000,0.00000
Isabelle---2015-6.4.0,6.4.0,55.58467,0.00000,10599.00000,0.00000,0.00000
EQP---0.9e-8.2.0,8.2.0,1.94638,0.00000,579.00000,0.00000,0.00000
Enigma---0.4-7.4.0,7.4.0,35.20385,0.00000,5801.00000,0.00000,0.00000
GrAnDe---1.1-8.1.0,8.1.0,4.89974,0.00000,785.00000,0.00000,0.00000
Beagle---0.9.47-8.0.0,8.0.0,31.16657,0.00000,7581.00000,0.00000,0.00000
FDP---0.9.16-7.5.0,7.5.0,7.49720,0.00000,2387.00000,0.00000,0.00000
SETHEO---3.3-7.2.0,7.2.0,3.03524,0.00000,1100.00000,0.00000,0.00000
E---2.1-7.1.0,7.1.0,58.17825,0.00000,10820.00000,0.00000,0.00000
DarwinFM---1.4.5-8.0.0,8.0.0,8.72887,0.00000,1355.00000,0.00000,0.00000
MaedMax---1.4-8.2.0,8.2.0,2.68416,0.00000,689.00000,0.00000,0.00000
GrAnDe---1.1-7.1.0,7.1.0,3.29043,0.00000,645.00000,0.00000,0.00000
Muscadet---4.5-6.4.0,6.4.0,5.93976,0.00000,1670.00000,0.00000,0.00000
Gandalf---c-2.6-7.2.0,7.2.0,14.15154,0.00000,3575.00000,0.00000,0.00000
Darwin---1.4.5-7.1.0,7.1.0,20.26499,0.00000,5844.00000,0.00000,0.00000
iProver-SAT---2.6-7.1.0,7.1.0,36.64798,0.00000,7884.00000,0.00000,0.00000
CVC4-SAT---1.5.2-7.2.0,7.2.0,37.15275,0.00000,7485.00000,0.00000,0.00000
DCTP---1.31-7.4.0,7.4.0,17.05786,0.00000,3575.00000,0.00000,0.00000
iProver-Eq---0.85-7.4.0,7.4.0,19.46420,0.00000,5883.00000,0.00000,0.00000
agsyHOL---1.0-7.5.0,7.5.0,15.96086,0.00000,1721.00000,0.00000,0.00000
LEO-II---1.6.2-6.4.0,6.4.0,33.56904,0.00000,6631.00000,0.00000,0.00000
Moca---0.1-7.5.0,7.5.0,1.71465,0.00000,648.00000,0.00000,0.00000
Moca---0.1-8.2.0,8.2.0,1.73207,0.00000,653.00000,0.00000,0.00000
Fampire---1.3-7.1.0,7.1.0,14.10421,0.00000,3782.00000,0.00000,0.00000
Mace4---1109a-7.2.0,7.2.0,7.27208,0.00000,1003.00000,0.00000,0.00000
Zipperpin---1.4-7.2.0,7.2.0,47.25926,0.00000,8362.00000,0.00000,0.00000
Prover9---1109a-7.5.0,7.5.0,25.82059,0.00000,6413.00000,0.00000,0.00000
CVC4-SAT---1.9-7.5.0,7.5.0,56.90443,0.00000,8933.00000,0.00000,0.00000
iProver-Eq---0.85-8.2.0,8.2.0,19.46114,0.00000,5882.00000,0.00000,0.00000
DarwinFM---1.4.5-8.2.0,8.2.0,12.49468,0.00000,2721.00000,0.00000,0.00000
SaKo---3.9-0.5.3-6.3.0,6.3.0,0.00000,0.00000,0.00000,0.00000,0.00000
PyRes---1.3-8.2.0,8.2.0,9.13998,0.00000,3362.00000,0.00000,0.00000
PEPR---0.0ps-8.2.0,8.2.0,0.00000,0.00000,0.00000,0.00000,0.00000
Beagle---0.9.47-7.1.0,7.1.0,31.15300,0.00000,7576.00000,0.00000,0.00000
agsyHOL---1.0-7.2.0,7.2.0,16.15513,0.00000,1728.00000,0.00000,0.00000
Isabelle---2016-8.0.0,8.0.0,55.76392,0.00000,10653.00000,0.00000,0.00000
ZenonModulo---0.4.1-7.1.0,7.1.0,13.82690,0.00000,3249.00000,0.00000,0.00000
Otter---3.3-8.1.0,8.1.0,12.01459,0.00000,4277.00000,0.00000,0.00000
Mace4---1109a-8.0.0,8.0.0,7.27208,0.00000,1003.00000,0.00000,0.00000
EQP---0.9e-7.1.0,7.1.0,1.91732,0.00000,571.00000,0.00000,0.00000
Paradox---4.0-8.1.0,8.1.0,17.97965,0.00000,2912.00000,0.00000,0.00000
DarwinFM---1.4.5-7.5.0,7.5.0,8.72887,0.00000,1355.00000,0.00000,0.00000
Zenon---0.7.1-8.0.0,8.0.0,4.74285,0.00000,1800.00000,0.00000,0.00000
E-KRHyper---1.4-7.2.0,7.2.0,0.00000,0.00000,0.00000,0.00000,0.00000
SPASS+T---2.2.22-7.3.0,7.3.0,8.04055,0.00000,805.00000,0.00000,0.00000
HOLyHammer---140616-7.0.0,7.0.0,0.00000,0.00000,0.00000,0.00000,0.00000
Metis---2.3-7.0.0,7.0.0,16.34924,0.00000,5215.00000,0.00000,0.00000
Faust---1.0-8.1.0,8.1.0,4.56370,0.00000,1826.00000,0.00000,0.00000
Infinox---1.0-7.4.0,7.4.0,0.00000,0.00000,0.00000,0.00000,0.00000
Zipperpin---0.4-6.4.0,6.4.0,14.47408,0.00000,4910.00000,0.00000,0.00000
CARINE---0.734-6.4.0,6.4.0,1.86338,0.00000,745.00000,0.00000,0.00000
Zipperpin-TFF---0.4-7.0.0,7.0.0,11.75581,0.00000,590.00000,0.00000,0.00000
TPS---3.120601S1b-7.5.0,7.5.0,14.27874,0.00000,1470.00000,0.00000,0.00000
SPASS-XDB---0.8-7.2.0,7.2.0,4.47684,0.00000,479.00000,0.00000,0.00000
LEO-II---1.7.0-7.5.0,7.5.0,33.71404,0.00000,6661.00000,0.00000,0.00000
Moca---0.1-7.4.0,7.4.0,1.71465,0.00000,648.00000,0.00000,0.00000
FDP---0.9.16-8.2.0,8.2.0,7.49415,0.00000,2386.00000,0.00000,0.00000
SPASS+T---2.2.22-8.2.0,8.2.0,8.07677,0.00000,807.00000,0.00000,0.00000
Bliksem---1.12-7.4.0,7.4.0,17.37316,0.00000,5178.00000,0.00000,0.00000
Nitpick---2016-8.1.0,8.1.0,25.38152,0.00000,1661.00000,0.00000,0.00000
iProverMo---0.7-0.3-7.0.0,7.0.0,13.52934,0.00000,4202.00000,0.00000,0.00000
TPS---3.120601S1b-8.1.0,8.1.0,14.27874,0.00000,1470.00000,0.00000,0.00000
Twee---1.0-7.0.0,7.0.0,4.00130,0.00000,711.00000,0.00000,0.00000
Faust---1.0-7.4.0,7.4.0,4.56676,0.00000,1827.00000,0.00000,0.00000
Refute---2015-7.2.0,7.2.0,7.16338,0.00000,463.00000,0.00000,0.00000
iProver---3.0-7.4.0,7.4.0,41.40231,0.00000,9119.00000,0.00000,0.00000
SETHEO---3.3-7.5.0,7.5.0,3.03524,0.00000,1100.00000,0.00000,0.00000
Otter---3.3-6.4.0,6.4.0,3.02999,0.00000,1106.00000,0.00000,0.00000
CSE---1.4-8.1.0,8.1.0,15.23886,0.00000,4632.00000,0.00000,0.00000
Gandalf---c-2.6-8.2.0,8.2.0,14.11081,0.00000,3562.00000,0.00000,0.00000
SPASS---3.9-7.2.0,7.2.0,28.62205,0.00000,7772.00000,0.00000,0.00000
CiME---2.01-7.1.0,7.1.0,1.75949,0.00000,529.00000,0.00000,0.00000
TPS---3.120601S1b-7.0.0,7.0.0,14.41167,0.00000,1480.00000,0.00000,0.00000
SaKo---3.9-0.5.3-6.4.0,6.4.0,0.00000,0.00000,0.00000,0.00000,0.00000
E-SAT---2.1-7.1.0,7.1.0,56.97020,0.00000,10770.00000,0.00000,0.00000
Prover9---1109a-6.4.0,6.4.0,25.75197,0.00000,6395.00000,0.00000,0.00000
SOS---2.0-6.4.0,6.4.0,8.62194,0.00000,3170.00000,0.00000,0.00000
LEO-II---1.7.0-8.2.0,8.2.0,30.29104,0.00000,6366.00000,0.00000,0.00000
SInE---0.4-7.4.0,7.4.0,14.04865,0.00000,3703.00000,0.00000,0.00000
Nitpick---2016-7.4.0,7.4.0,25.40038,0.00000,1662.00000,0.00000,0.00000
cvc5---1.0-8.1.0,8.1.0,75.81813,0.00000,11210.00000,0.00000,0.00000
SPASS---3.9-8.2.0,8.2.0,28.94198,0.00000,7821.00000,0.00000,0.00000
cocATP---0.2.0-8.2.0,8.2.0,6.05436,0.00000,707.00000,0.00000,0.00000
S-SETHEO---0.0-7.5.0,7.5.0,5.27335,0.00000,1768.00000,0.00000,0.00000
Zenon---0.7.1-7.1.0,7.1.0,4.63913,0.00000,1787.00000,0.00000,0.00000
TPS---3.120601S1b-7.1.0,7.1.0,14.41167,0.00000,1480.00000,0.00000,0.00000
Princess---170717-7.2.0,7.2.0,23.43099,0.00000,4503.00000,0.00000,0.00000
Faust---1.0-7.1.0,7.1.0,4.70578,0.00000,1884.00000,0.00000,0.00000
lazyCoP---0.1-8.1.0,8.1.0,11.91714,0.00000,3926.00000,0.00000,0.00000
S-SETHEO---0.0-7.2.0,7.2.0,5.27335,0.00000,1768.00000,0.00000,0.00000
SaKo---3.9-0.5.3-8.2.0,8.2.0,0.00000,0.00000,0.00000,0.00000,0.00000
Satallax_MaLeS---1.3-7.3.0,7.3.0,19.49433,0.00000,2021.00000,0.00000,0.00000
EQP---0.9e-7.4.0,7.4.0,1.91732,0.00000,571.00000,0.00000,0.00000
Z3---4.4.1-7.1.0,7.1.0,42.18059,0.00000,8104.00000,0.00000,0.00000
leanCoP---2.2-8.1.0,8.1.0,8.97069,0.00000,2826.00000,0.00000,0.00000
Mace4---1109a-8.2.0,8.2.0,7.27208,0.00000,1003.00000,0.00000,0.00000
Darwin---1.4.5-7.2.0,7.2.0,20.26499,0.00000,5844.00000,0.00000,0.00000
Equinox---5.0-6.4.0,6.4.0,17.36772,0.00000,4923.00000,0.00000,0.00000
DCTP---1.31-7.0.0,7.0.0,17.05786,0.00000,3575.00000,0.00000,0.00000
Etableau---0.2-7.5.0,7.5.0,0.00000,0.00000,0.00000,0.00000,0.00000
SRASS---0.1-7.5.0,7.5.0,13.75370,0.00000,3657.00000,0.00000,0.00000
agsyHOL---1.0-6.4.0,6.4.0,16.16414,0.00000,1729.00000,0.00000,0.00000
E-Darwin---1.5-8.1.0,8.1.0,21.67183,0.00000,6478.00000,0.00000,0.00000
iProver-Eq---0.85-6.4.0,6.4.0,19.54956,0.00000,5921.00000,0.00000,0.00000
PEPR---0.0ps-7.5.0,7.5.0,0.00000,0.00000,0.00000,0.00000,0.00000
SRASS---0.1-8.2.0,8.2.0,13.75370,0.00000,3657.00000,0.00000,0.00000
iProver-SAT---3.5-8.0.0,8.0.0,9.53318,0.00000,1399.00000,0.00000,0.00000
Geo-III---2016C-7.2.0,7.2.0,16.86793,0.00000,4526.00000,0.00000,0.00000
PyRes---1.3-7.5.0,7.5.0,9.12015,0.00000,3353.00000,0.00000,0.00000
Nitpick---2016-7.3.0,7.3.0,25.40038,0.00000,1662.00000,0.00000,0.00000
CVC4-SAT---1.5j8-6.4.0,6.4.0,8.30131,0.00000,1339.00000,0.00000,0.00000
Beagle---0.9.47-7.5.0,7.5.0,31.18544,0.00000,7582.00000,0.00000,0.00000
Gandalf---c-2.6-7.3.0,7.3.0,14.11387,0.00000,3563.00000,0.00000,0.00000
S-SETHEO---0.0-6.4.0,6.4.0,5.27335,0.00000,1768.00000,0.00000,0.00000
Equinox---6.0.1a-7.4.0,7.4.0,20.81263,0.00000,6036.00000,0.00000,0.00000
CiME---2.01-7.2.0,7.2.0,1.75949,0.00000,529.00000,0.00000,0.00000
E---2.6.X-8.0.0,8.0.0,77.39099,0.00000,12721.00000,0.00000,0.00000
cocATP---0.2.0-7.5.0,7.5.0,6.19361,0.00000,720.00000,0.00000,0.00000
SuperZenon---0.0.1-6.4.0,6.4.0,4.87730,0.00000,1850.00000,0.00000,0.00000
Leo-III---1.7.7-8.2.0,8.2.0,78.90449,0.00000,11200.00000,0.00000,0.00000
SETHEO---3.3-7.0.0,7.0.0,3.03524,0.00000,1100.00000,0.00000,0.00000
leanCoP---2.2-7.4.0,7.4.0,8.65470,0.00000,2756.00000,0.00000,0.00000
GrAnDe---1.1-7.0.0,7.0.0,3.29043,0.00000,645.00000,0.00000,0.00000
Beagle---0.9.47-8.2.0,8.2.0,33.04501,0.00000,7740.00000,0.00000,0.00000
Matita---1.0-7.2.0,7.2.0,1.83525,0.00000,551.00000,0.00000,0.00000
Crossbow---0.1-8.2.0,8.2.0,5.40370,0.00000,650.00000,0.00000,0.00000
SPASS+T---2.2.22-8.0.0,8.0.0,8.04055,0.00000,805.00000,0.00000,0.00000
Faust---1.0-8.0.0,8.0.0,4.56676,0.00000,1827.00000,0.00000,0.00000
DarwinFM---1.4.5-7.0.0,7.0.0,8.72887,0.00000,1355.00000,0.00000,0.00000
Darwin---1.4.5-6.4.0,6.4.0,20.26499,0.00000,5844.00000,0.00000,0.00000
Etableau---0.67-8.1.0,8.1.0,44.52593,0.00000,9419.00000,0.00000,0.00000
SuperZenon---0.0.1-8.2.0,8.2.0,4.93052,0.00000,1867.00000,0.00000,0.00000
Satallax---3.5-8.2.0,8.2.0,27.32065,0.00000,2309.00000,0.00000,0.00000
Otter---3.3-7.0.0,7.0.0,3.02999,0.00000,1106.00000,0.00000,0.00000
Fampire---1.3-7.2.0,7.2.0,14.10421,0.00000,3782.00000,0.00000,0.00000
CiME---2.01-8.0.0,8.0.0,1.76305,0.00000,530.00000,0.00000,0.00000
CSE---1.2-7.4.0,7.4.0,15.89073,0.00000,4838.00000,0.00000,0.00000
Fiesta---2-8.1.0,8.1.0,2.32684,0.00000,644.00000,0.00000,0.00000
E-KRHyper---1.4-8.2.0,8.2.0,0.00000,0.00000,0.00000,0.00000,0.00000
Satallax_MaLeS---1.3-8.2.0,8.2.0,19.45531,0.00000,2019.00000,0.00000,0.00000
Moca---0.1-8.0.0,8.0.0,1.71465,0.00000,648.00000,0.00000,0.00000
Metis---2.4-8.2.0,8.2.0,16.79138,0.00000,5284.00000,0.00000,0.00000
ePrincess---1.0-7.5.0,7.5.0,11.64823,0.00000,3353.00000,0.00000,0.00000
iProverMo---2.5-0.1-8.1.0,8.1.0,9.91628,0.00000,3312.00000,0.00000,0.00000
Toma---0.2-8.1.0,8.1.0,0.55217,0.00000,197.00000,0.00000,0.00000
Satallax_MaLeS---1.3-6.4.0,6.4.0,19.63196,0.00000,2026.00000,0.00000,0.00000
Scavenger---EP-0.1-8.0.0,8.0.0,0.00652,0.00000,2.00000,0.00000,0.00000
Equinox---6.0.1a-8.0.0,8.0.0,20.87599,0.00000,6057.00000,0.00000,0.00000
Bliksem---1.12-7.2.0,7.2.0,17.33284,0.00000,5170.00000,0.00000,0.00000
Bliksem---1.12-8.1.0,8.1.0,18.03460,0.00000,5253.00000,0.00000,0.00000
Mace4---1109a-8.1.0,8.1.0,7.27208,0.00000,1003.00000,0.00000,0.00000
MaedMax---1.4-8.1.0,8.1.0,2.68416,0.00000,689.00000,0.00000,0.00000
SInE---0.4-6.4.0,6.4.0,13.91244,0.00000,3683.00000,0.00000,0.00000
Fiesta---2-7.0.0,7.0.0,2.25495,0.00000,633.00000,0.00000,0.00000
Princess---170717-7.5.0,7.5.0,23.44153,0.00000,4505.00000,0.00000,0.00000
agsyHOL---1.0-8.0.0,8.0.0,15.48325,0.00000,1671.00000,0.00000,0.00000
JavaRes---1.3.0-8.0.0,8.0.0,0.17416,0.00000,80.00000,0.00000,0.00000
Crossbow---0.1-7.0.0,7.0.0,0.01980,0.00000,2.00000,0.00000,0.00000
GrAnDe---1.1-8.2.0,8.2.0,4.89974,0.00000,785.00000,0.00000,0.00000
Fampire---1.3-7.5.0,7.5.0,14.11474,0.00000,3784.00000,0.00000,0.00000
GrAnDe---1.1-7.4.0,7.4.0,4.88156,0.00000,784.00000,0.00000,0.00000
SPASS+T---2.2.22-7.0.0,7.0.0,8.05028,0.00000,805.00000,0.00000,0.00000
Nitpick---2016-8.0.0,8.0.0,25.38152,0.00000,1661.00000,0.00000,0.00000
CiME---2.01-7.3.0,7.3.0,1.76305,0.00000,530.00000,0.00000,0.00000
CARINE---0.734-7.2.0,7.2.0,1.86338,0.00000,745.00000,0.00000,0.00000
iProverMo---2.5-0.1-8.2.0,8.2.0,9.91934,0.00000,3313.00000,0.00000,0.00000
Paradox---4.0-8.0.0,8.0.0,13.33227,0.00000,1524.00000,0.00000,0.00000
TPS---3.120601S1b-7.3.0,7.3.0,14.27874,0.00000,1470.00000,0.00000,0.00000
Refute---2015-7.1.0,7.1.0,7.16338,0.00000,463.00000,0.00000,0.00000
Metis---2.3-7.2.0,7.2.0,16.34924,0.00000,5215.00000,0.00000,0.00000
Matita---1.0-8.1.0,8.1.0,1.94075,0.00000,567.00000,0.00000,0.00000
Isabelle-HOT---2016-8.1.0,8.1.0,55.02765,0.00000,10569.00000,0.00000,0.00000
SNARK---20120808r022-7.2.0,7.2.0,26.19451,0.00000,6849.00000,0.00000,0.00000
Paradox---4.0-7.2.0,7.2.0,13.31005,0.00000,1523.00000,0.00000,0.00000
Geo-III---2018C-7.4.0,7.4.0,18.48296,0.00000,4771.00000,0.00000,0.00000
Isabelle-HOT---2016-7.4.0,7.4.0,55.17324,0.00000,10584.00000,0.00000,0.00000
iProverMo---2.5-0.1-7.1.0,7.1.0,11.67241,0.00000,3351.00000,0.00000,0.00000
leanCoP---2.2-6.4.0,6.4.0,8.65470,0.00000,2756.00000,0.00000,0.00000
S-SETHEO---0.0-7.0.0,7.0.0,5.27335,0.00000,1768.00000,0.00000,0.00000
SInE---0.4-8.0.0,8.0.0,14.04865,0.00000,3703.00000,0.00000,0.00000
DCTP---1.31-7.1.0,7.1.0,17.05786,0.00000,3575.00000,0.00000,0.00000
Muscadet---4.5-7.4.0,7.4.0,6.01939,0.00000,1688.00000,0.00000,0.00000
Prover9---1109a-8.0.0,8.0.0,25.79416,0.00000,6403.00000,0.00000,0.00000
DCTP---1.31-6.4.0,6.4.0,17.05786,0.00000,3575.00000,0.00000,0.00000
CiME---2.01-7.0.0,7.0.0,1.75949,0.00000,529.00000,0.00000,0.00000
Scavenger---EP-0.2-7.5.0,7.5.0,0.00652,0.00000,2.00000,0.00000,0.00000
Paradox---4.0-7.3.0,7.3.0,13.33227,0.00000,1524.00000,0.00000,0.00000
agsyHOL---1.0-8.1.0,8.1.0,12.05902,0.00000,1317.00000,0.00000,0.00000
Scavenger---EP-0.2-7.3.0,7.3.0,0.00652,0.00000,2.00000,0.00000,0.00000
HOLyHammer---0.21-8.1.0,8.1.0,10.84374,0.00000,1258.00000,0.00000,0.00000
RPx---1.0-8.1.0,8.1.0,6.61768,0.00000,2255.00000,0.00000,0.00000
Isabelle-HOT---2016-8.2.0,8.2.0,55.02765,0.00000,10569.00000,0.00000,0.00000
ZenonModulo---0.4.2-7.4.0,7.4.0,17.07092,0.00000,3311.00000,0.00000,0.00000
Bliksem---1.12-8.0.0,8.0.0,17.37316,0.00000,5178.00000,0.00000,0.00000
cocATP---0.2.0-7.1.0,7.1.0,6.19361,0.00000,720.00000,0.00000,0.00000
Darwin---1.4.5-8.1.0,8.1.0,20.56701,0.00000,5890.00000,0.00000,0.00000
SETHEO---3.3-7.1.0,7.1.0,3.03524,0.00000,1100.00000,0.00000,0.00000
CSE_E---1.3-8.1.0,8.1.0,62.48615,0.00000,10208.00000,0.00000,0.00000
PEPR---0.0ps-7.2.0,7.2.0,0.00000,0.00000,0.00000,0.00000,0.00000
Vampire-SAT---4.6.1-8.1.0,8.1.0,77.49701,0.00000,11214.00000,0.00000,0.00000
Gandalf---c-2.6-7.5.0,7.5.0,14.11387,0.00000,3563.00000,0.00000,0.00000
Equinox---6.0.1a-7.1.0,7.1.0,20.78599,0.00000,6031.00000,0.00000,0.00000
Faust---1.0-7.3.0,7.3.0,4.56676,0.00000,1827.00000,0.00000,0.00000
SNARK---20120808r022-8.2.0,8.2.0,26.53242,0.00000,6895.00000,0.00000,0.00000
Refute---2015-7.0.0,7.0.0,7.16338,0.00000,463.00000,0.00000,0.00000
Darwin---1.4.5-7.5.0,7.5.0,20.28680,0.00000,5848.00000,0.00000,0.00000
Z3---4.8.9.0-8.1.0,8.1.0,44.68602,0.00000,8246.00000,0.00000,0.00000
Nitpick---2016-7.2.0,7.2.0,25.33970,0.00000,1660.00000,0.00000,0.00000
Waldmeister---710-7.0.0,7.0.0,6.90389,0.00000,840.00000,0.00000,0.00000
E-KRHyper---1.4-7.5.0,7.5.0,0.00000,0.00000,0.00000,0.00000,0.00000
iProver-Eq---0.85-8.0.0,8.0.0,19.46420,0.00000,5883.00000,0.00000,0.00000
Fiesta---2-7.5.0,7.5.0,2.25495,0.00000,633.00000,0.00000,0.00000
RPx---1.0-8.0.0,8.0.0,6.60019,0.00000,2250.00000,0.00000,0.00000
E-SAT---2.6.X-8.0.0,8.0.0,76.88610,0.00000,12629.00000,0.00000,0.00000
Matita---1.0-8.2.0,8.2.0,1.94075,0.00000,567.00000,0.00000,0.00000
Paradox---4.0-7.4.0,7.4.0,13.33227,0.00000,1524.00000,0.00000,0.00000
TPS---3.120601S1b-7.4.0,7.4.0,14.27874,0.00000,1470.00000,0.00000,0.00000
ePrincess---1.0-6.4.0,6.4.0,11.62671,0.00000,3350.00000,0.00000,0.00000
Vampire---4.2-7.2.0,7.2.0,124.49033,0.00000,13266.00000,0.00000,0.00000
SPASS-XDB---0.8-7.0.0,7.0.0,4.47684,0.00000,479.00000,0.00000,0.00000
Muscadet---4.5-7.2.0,7.2.0,5.98377,0.00000,1683.00000,0.00000,0.00000
Isabelle---2016-8.2.0,8.2.0,55.76086,0.00000,10652.00000,0.00000,0.00000
SInE---0.4-7.1.0,7.1.0,14.03811,0.00000,3701.00000,0.00000,0.00000
Prover9---1109a-7.1.0,7.1.0,25.78824,0.00000,6407.00000,0.00000,0.00000
Leo-III---1.0-7.0.0,7.0.0,0.00000,0.00000,0.00000,0.00000,0.00000
Drodi---3.1.5-8.0.0,8.0.0,25.39117,0.00000,7270.00000,0.00000,0.00000
E---2.1-7.2.0,7.2.0,58.15378,0.00000,10817.00000,0.00000,0.00000
E-KRHyper---1.4-8.1.0,8.1.0,0.00000,0.00000,0.00000,0.00000,0.00000
Zenon---0.7.1-7.3.0,7.3.0,4.60933,0.00000,1782.00000,0.00000,0.00000
Bliksem---1.12-7.0.0,7.0.0,17.33284,0.00000,5170.00000,0.00000,0.00000
Darwin---1.4.5-7.4.0,7.4.0,20.28680,0.00000,5848.00000,0.00000,0.00000
Crossbow---0.1-8.1.0,8.1.0,5.40370,0.00000,650.00000,0.00000,0.00000
SuperZenon---0.0.1-7.0.0,7.0.0,4.87730,0.00000,1850.00000,0.00000,0.00000
GKC---0.4-7.4.0,7.4.0,35.00578,0.00000,7960.00000,0.00000,0.00000
CSE-F---1.0-8.2.0,8.2.0,0.24138,0.00000,87.00000,0.00000,0.00000
MaedMax---1.3-7.5.0,7.5.0,2.73959,0.00000,696.00000,0.00000,0.00000
Muscadet---4.5-8.1.0,8.1.0,0.00000,0.00000,0.00000,0.00000,0.00000
Fiesta---2-7.1.0,7.1.0,2.25495,0.00000,633.00000,0.00000,0.00000
Z3---4.8.9.0-7.5.0,7.5.0,44.64258,0.00000,8243.00000,0.00000,0.00000
Otter---3.3-7.1.0,7.1.0,3.50434,0.00000,1273.00000,0.00000,0.00000
E-Darwin---1.5-7.4.0,7.4.0,21.76230,0.00000,6504.00000,0.00000,0.00000
Infinox---1.0-7.5.0,7.5.0,0.00000,0.00000,0.00000,0.00000,0.00000
Isabelle-HOT---2016-7.1.0,7.1.0,55.37796,0.00000,10594.00000,0.00000,0.00000
Fiesta---2-8.0.0,8.0.0,2.25495,0.00000,633.00000,0.00000,0.00000
Beagle---0.9.47-8.1.0,8.1.0,33.04195,0.00000,7739.00000,0.00000,0.00000
SRASS---0.1-8.1.0,8.1.0,13.75370,0.00000,3657.00000,0.00000,0.00000
DCTP---1.31-8.1.0,8.1.0,17.05480,0.00000,3574.00000,0.00000,0.00000
ZenonModulo---0.4.1-7.2.0,7.2.0,13.82690,0.00000,3249.00000,0.00000,0.00000
FDP---0.9.16-6.4.0,6.4.0,7.49720,0.00000,2387.00000,0.00000,0.00000
Nitpick---2016-7.1.0,7.1.0,25.33970,0.00000,1660.00000,0.00000,0.00000
SRASS---0.1-6.4.0,6.4.0,13.83906,0.00000,3695.00000,0.00000,0.00000
Nitpick---2016-7.5.0,7.5.0,25.40038,0.00000,1662.00000,0.00000,0.00000
ZenonModulo---0.4.2-7.5.0,7.5.0,17.07092,0.00000,3311.00000,0.00000,0.00000
Satallax_MaLeS---1.3-7.5.0,7.5.0,19.45531,0.00000,2019.00000,0.00000,0.00000
Fampire---1.3-7.4.0,7.4.0,14.11474,0.00000,3784.00000,0.00000,0.00000
Refute---2015-7.5.0,7.5.0,7.16338,0.00000,463.00000,0.00000,0.00000
Muscadet---4.5-8.0.0,8.0.0,5.92343,0.00000,1643.00000,0.00000,0.00000
SPASS+T---2.2.22-8.1.0,8.1.0,8.07677,0.00000,807.00000,0.00000,0.00000
cocATP---0.2.0-7.4.0,7.4.0,6.19361,0.00000,720.00000,0.00000,0.00000
PEPR---0.0ps-7.1.0,7.1.0,0.00000,0.00000,0.00000,0.00000,0.00000
CSE-F---1.0-8.1.0,8.1.0,0.24138,0.00000,87.00000,0.00000,0.00000
Equinox---6.0.1a-8.1.0,8.1.0,22.04248,0.00000,6341.00000,0.00000,0.00000
Refute---2015-8.2.0,8.2.0,7.16338,0.00000,463.00000,0.00000,0.00000
E-Darwin---1.5-7.0.0,7.0.0,21.77713,0.00000,6508.00000,0.00000,0.00000
iProver-SAT---2.6-7.2.0,7.2.0,36.64798,0.00000,7884.00000,0.00000,0.00000
PEPR---0.0ps-7.3.0,7.3.0,0.00000,0.00000,0.00000,0.00000,0.00000
Satallax---3.4-7.3.0,7.3.0,27.42968,0.00000,2334.00000,0.00000,0.00000
Goeland---1.0.0-8.1.0,8.1.0,1.78729,0.00000,758.00000,0.00000,0.00000
Satallax_MaLeS---1.3-8.1.0,8.1.0,19.45531,0.00000,2019.00000,0.00000,0.00000
iProverMo-TF0---2.5-0.1-7.0.0,7.0.0,0.00000,0.00000,0.00000,0.00000,0.00000
SRASS---0.1-7.4.0,7.4.0,13.75370,0.00000,3657.00000,0.00000,0.00000
Equinox---6.0.1a-7.5.0,7.5.0,20.81263,0.00000,6036.00000,0.00000,0.00000
E-Darwin---1.5-7.1.0,7.1.0,21.74048,0.00000,6500.00000,0.00000,0.00000
SPASS-XDB---0.8-7.4.0,7.4.0,4.47684,0.00000,479.00000,0.00000,0.00000
GrAnDe---1.1-8.0.0,8.0.0,4.82372,0.00000,758.00000,0.00000,0.00000
Princess---170717-8.0.0,8.0.0,23.45079,0.00000,4506.00000,0.00000,0.00000
Geo-III---2018C-7.3.0,7.3.0,18.48296,0.00000,4771.00000,0.00000,0.00000
DCTP---1.31-7.5.0,7.5.0,17.05786,0.00000,3575.00000,0.00000,0.00000
Crossbow---0.1-7.3.0,7.3.0,0.01980,0.00000,2.00000,0.00000,0.00000
E-Darwin---1.5-6.4.0,6.4.0,21.77713,0.00000,6508.00000,0.00000,0.00000
Paradox---4.0-7.5.0,7.5.0,13.33227,0.00000,1524.00000,0.00000,0.00000
Infinox---1.0-7.1.0,7.1.0,0.00000,0.00000,0.00000,0.00000,0.00000
E-Darwin---1.5-7.2.0,7.2.0,21.74048,0.00000,6500.00000,0.00000,0.00000
Satallax---3.2-7.2.0,7.2.0,27.33735,0.00000,2317.00000,0.00000,0.00000
SPASS-XDB---0.8-7.3.0,7.3.0,4.47684,0.00000,479.00000,0.00000,0.00000
ePrincess---1.0-8.0.0,8.0.0,11.64823,0.00000,3353.00000,0.00000,0.00000
CARINE---0.734-8.1.0,8.1.0,1.85962,0.00000,744.00000,0.00000,0.00000
Enigma---0.5.1-8.1.0,8.1.0,44.59902,0.00000,6041.00000,0.00000,0.00000
Leo-III---1.6.6-8.1.0,8.1.0,78.80543,0.00000,11202.00000,0.00000,0.00000
Muscadet---4.5-7.0.0,7.0.0,5.93976,0.00000,1670.00000,0.00000,0.00000
agsyHOL---1.0-8.2.0,8.2.0,12.05902,0.00000,1317.00000,0.00000,0.00000
SNARK---20120808r022-7.1.0,7.1.0,26.19451,0.00000,6849.00000,0.00000,0.00000
Paradox---4.0-8.2.0,8.2.0,17.98271,0.00000,2913.00000,0.00000,0.00000
ZenonModulo---0.4.2-8.2.0,8.2.0,17.18909,0.00000,3345.00000,0.00000,0.00000
E-Darwin---1.5-7.5.0,7.5.0,21.76230,0.00000,6504.00000,0.00000,0.00000
Infinox---1.0-7.2.0,7.2.0,0.00000,0.00000,0.00000,0.00000,0.00000
Z3---4.4.1-7.0.0,7.0.0,42.17566,0.00000,8102.00000,0.00000,0.00000
Isabelle---2016-7.2.0,7.2.0,55.98319,0.00000,10662.00000,0.00000,0.00000
Mace4---1109a-7.5.0,7.5.0,7.27208,0.00000,1003.00000,0.00000,0.00000
HOLyHammer---0.21-7.5.0,7.5.0,11.27266,0.00000,1297.00000,0.00000,0.00000
iProverMo---2.5-0.1-7.4.0,7.4.0,11.66976,0.00000,3352.00000,0.00000,0.00000
Prover9---1109a-7.4.0,7.4.0,25.82059,0.00000,6413.00000,0.00000,0.00000
ZenonModulo---0.4.2-8.0.0,8.0.0,17.07428,0.00000,3312.00000,0.00000,0.00000
E-Darwin---1.5-8.0.0,8.0.0,21.67489,0.00000,6479.00000,0.00000,0.00000
TPS---3.120601S1b-6.4.0,6.4.0,14.41167,0.00000,1480.00000,0.00000,0.00000
SRASS---0.1-7.1.0,7.1.0,13.83906,0.00000,3695.00000,0.00000,0.00000
PEPR---0.0ps-8.0.0,8.0.0,0.00000,0.00000,0.00000,0.00000,0.00000
Zipperpin---0.4-7.0.0,7.0.0,14.47408,0.00000,4910.00000,0.00000,0.00000
ePrincess---1.0-7.1.0,7.1.0,11.63769,0.00000,3351.00000,0.00000,0.00000
Vampire---4.7-8.2.0,8.2.0,138.95242,0.00000,15095.00000,0.00000,0.00000
SuperZenon---0.0.1-7.3.0,7.3.0,4.87983,0.00000,1851.00000,0.00000,0.00000
SPASS+T---2.2.22-7.1.0,7.1.0,8.04055,0.00000,805.00000,0.00000,0.00000
Metis---2.4-8.1.0,8.1.0,16.79138,0.00000,5284.00000,0.00000,0.00000
SuperZenon---0.0.1-7.1.0,7.1.0,4.88336,0.00000,1852.00000,0.00000,0.00000
iProver-SAT---3.6-8.1.0,8.1.0,9.74708,0.00000,1440.00000,0.00000,0.00000
Mace4---1109a-7.1.0,7.1.0,7.27208,0.00000,1003.00000,0.00000,0.00000
lazyCoP---0.1-8.2.0,8.2.0,11.91714,0.00000,3926.00000,0.00000,0.00000
EQP---0.9e-7.5.0,7.5.0,1.91732,0.00000,571.00000,0.00000,0.00000
SPASS---3.7-6.4.0,6.4.0,29.48680,0.00000,7899.00000,0.00000,0.00000
HOLyHammer---140616-7.2.0,7.2.0,0.00000,0.00000,0.00000,0.00000,0.00000
iProver-SAT---3.0-7.4.0,7.4.0,40.75820,0.00000,8788.00000,0.00000,0.00000
Beagle---0.9.47-7.4.0,7.4.0,31.18544,0.00000,7582.00000,0.00000,0.00000
lean-nanoCoP---1.0-7.2.0,7.2.0,8.90439,0.00000,2841.00000,0.00000,0.00000
Satallax_MaLeS---1.3-7.1.0,7.1.0,19.63196,0.00000,2026.00000,0.00000,0.00000
JavaRes---1.3.0-8.1.0,8.1.0,0.17416,0.00000,80.00000,0.00000,0.00000
Zenon---0.7.1-8.1.0,8.1.0,4.73844,0.00000,1804.00000,0.00000,0.00000
DarwinFM---1.4.5-6.4.0,6.4.0,8.72887,0.00000,1355.00000,0.00000,0.00000
EQP---0.9e-7.3.0,7.3.0,1.91732,0.00000,571.00000,0.00000,0.00000
Satallax---2.8-6.4.0,6.4.0,24.05245,0.00000,2153.00000,0.00000,0.00000
Fampire---1.3-8.2.0,8.2.0,14.51293,0.00000,3820.00000,0.00000,0.00000
SRASS---0.1-7.0.0,7.0.0,13.83906,0.00000,3695.00000,0.00000,0.00000
iProver-Eq---0.85-7.5.0,7.5.0,19.46420,0.00000,5883.00000,0.00000,0.00000
PEPR---0.0ps-8.1.0,8.1.0,0.00000,0.00000,0.00000,0.00000,0.00000
Waldmeister---710-7.2.0,7.2.0,6.90389,0.00000,840.00000,0.00000,0.00000
Otter---3.3-7.4.0,7.4.0,3.53678,0.00000,1281.00000,0.00000,0.00000
ET---2.0-7.2.0,7.2.0,28.38542,0.00000,4913.00000,0.00000,0.00000
CARINE---0.734-7.0.0,7.0.0,1.86338,0.00000,745.00000,0.00000,0.00000
iProverMo---2.5-0.1-7.5.0,7.5.0,11.66976,0.00000,3352.00000,0.00000,0.00000
GrAnDe---1.1-7.2.0,7.2.0,3.29043,0.00000,645.00000,0.00000,0.00000
cocATP---0.2.0-8.1.0,8.1.0,6.05436,0.00000,707.00000,0.00000,0.00000
TPS---3.120601S1b-8.2.0,8.2.0,14.27874,0.00000,1470.00000,0.00000,0.00000
GrAnDe---1.1-6.4.0,6.4.0,3.29043,0.00000,645.00000,0.00000,0.00000
Muscadet---4.5-7.1.0,7.1.0,5.98377,0.00000,1683.00000,0.00000,0.00000
SETHEO---3.3-7.3.0,7.3.0,3.03524,0.00000,1100.00000,0.00000,0.00000
Crossbow---0.1-7.5.0,7.5.0,5.03896,0.00000,595.00000,0.00000,0.00000
Geo-III---2018C-8.1.0,8.1.0,19.11574,0.00000,4866.00000,0.00000,0.00000
Isabelle---2016-7.1.0,7.1.0,56.00766,0.00000,10665.00000,0.00000,0.00000
SInE---0.4-7.2.0,7.2.0,14.03811,0.00000,3701.00000,0.00000,0.00000
HOLyHammer---140616-7.3.0,7.3.0,0.00000,0.00000,0.00000,0.00000,0.00000
lazyCoP---0.1-7.5.0,7.5.0,0.00000,0.00000,0.00000,0.00000,0.00000
ET---2.0-8.2.0,8.2.0,30.42406,0.00000,5040.00000,0.00000,0.00000
E-SAT---2.6.X-8.1.0,8.1.0,76.81159,0.00000,12626.00000,0.00000,0.00000
DCTP---1.31-8.0.0,8.0.0,17.05786,0.00000,3575.00000,0.00000,0.00000
Geo-III---2016C-7.1.0,7.1.0,16.86793,0.00000,4526.00000,0.00000,0.00000
Princess---170717-7.4.0,7.4.0,23.44153,0.00000,4505.00000,0.00000,0.00000
Gandalf---c-2.6-8.0.0,8.0.0,14.11387,0.00000,3563.00000,0.00000,0.00000
SOS---2.0-7.4.0,7.4.0,8.62194,0.00000,3170.00000,0.00000,0.00000
Crossbow---0.1-6.4.0,6.4.0,0.01980,0.00000,2.00000,0.00000,0.00000
Vampire---4.2-7.1.0,7.1.0,124.49033,0.00000,13266.00000,0.00000,0.00000
ePrincess---1.0-7.4.0,7.4.0,11.64823,0.00000,3353.00000,0.00000,0.00000
ZenonModulo---0.4.2-8.1.0,8.1.0,17.18603,0.00000,3344.00000,0.00000,0.00000
Crossbow---0.1-8.0.0,8.0.0,5.11039,0.00000,596.00000,0.00000,0.00000
cocATP---0.2.0-7.3.0,7.3.0,6.19361,0.00000,720.00000,0.00000,0.00000
SuperZenon---0.0.1-7.2.0,7.2.0,4.88336,0.00000,1852.00000,0.00000,0.00000
DCTP---1.31-7.3.0,7.3.0,17.05786,0.00000,3575.00000,0.00000,0.00000
Waldmeister---710-7.4.0,7.4.0,6.90389,0.00000,840.00000,0.00000,0.00000
GKC---0.7-8.2.0,8.2.0,40.64874,0.00000,8485.00000,0.00000,0.00000
SaKo---3.9-0.5.3-7.0.0,7.0.0,0.00000,0.00000,0.00000,0.00000,0.00000
Twee---2.2-7.4.0,7.4.0,21.45780,0.00000,4373.00000,0.00000,0.00000
Geo-III---2018C-8.2.0,8.2.0,19.11880,0.00000,4867.00000,0.00000,0.00000
Zenon---0.7.1-7.2.0,7.2.0,4.63913,0.00000,1787.00000,0.00000,0.00000
CVC4-TFN---1.5.2-7.0.0,7.0.0,7.58829,0.00000,702.00000,0.00000,0.00000
Matita---1.0-7.0.0,7.0.0,1.83525,0.00000,551.00000,0.00000,0.00000
iProverMo---2.5-0.1-8.0.0,8.0.0,11.66976,0.00000,3352.00000,0.00000,0.00000
HOLyHammer---140616-7.1.0,7.1.0,0.00000,0.00000,0.00000,0.00000,0.00000
Bliksem---1.12-7.1.0,7.1.0,17.33284,0.00000,5170.00000,0.00000,0.00000
LEO-II---1.7.0-8.1.0,8.1.0,30.28798,0.00000,6365.00000,0.00000,0.00000
EQP---0.9e-6.4.0,6.4.0,1.91732,0.00000,571.00000,0.00000,0.00000
SInE---0.4-7.5.0,7.5.0,14.04865,0.00000,3703.00000,0.00000,0.00000
FDP---0.9.16-8.1.0,8.1.0,7.49415,0.00000,2386.00000,0.00000,0.00000
SNARK---20120808r022-7.0.0,7.0.0,26.19070,0.00000,6848.00000,0.00000,0.00000
SNARK---20120808r022-8.1.0,8.1.0,26.53242,0.00000,6895.00000,0.00000,0.00000
ePrincess---1.0-8.2.0,8.2.0,11.59329,0.00000,3336.00000,0.00000,0.00000
Princess---230526-8.2.0,8.2.0,22.57102,0.00000,4348.00000,0.00000,0.00000
Faust---1.0-6.4.0,6.4.0,4.70578,0.00000,1884.00000,0.00000,0.00000
Matita---1.0-7.4.0,7.4.0,1.83525,0.00000,551.00000,0.00000,0.00000
FDP---0.9.16-7.2.0,7.2.0,7.49720,0.00000,2387.00000,0.00000,0.00000
E-KRHyper---1.4-7.3.0,7.3.0,0.00000,0.00000,0.00000,0.00000,0.00000
DarwinFM---1.4.5-7.1.0,7.1.0,8.83552,0.00000,1400.00000,0.00000,0.00000
Gandalf---c-2.6-7.4.0,7.4.0,14.11387,0.00000,3563.00000,0.00000,0.00000
Gandalf---c-2.6-6.4.0,6.4.0,14.15154,0.00000,3575.00000,0.00000,0.00000
Zenon---0.7.1-6.4.0,6.4.0,4.63913,0.00000,1787.00000,0.00000,0.00000
Mace4---1109a-7.4.0,7.4.0,7.27208,0.00000,1003.00000,0.00000,0.00000
HOLyHammer---0.21-8.2.0,8.2.0,10.84374,0.00000,1258.00000,0.00000,0.00000
E-Darwin---1.5-8.2.0,8.2.0,21.67183,0.00000,6478.00000,0.00000,0.00000
Muscadet---4.5-8.2.0,8.2.0,0.00000,0.00000,0.00000,0.00000,0.00000
GrAnDe---1.1-7.5.0,7.5.0,4.88156,0.00000,784.00000,0.00000,0.00000
CVC4---1.5.2-7.2.0,7.2.0,53.52819,0.00000,9288.00000,0.00000,0.00000
Drodi---3.3.3-8.1.0,8.1.0,29.68372,0.00000,8018.00000,0.00000,0.00000
Prover9---1109a-8.2.0,8.2.0,26.07714,0.00000,6113.00000,0.00000,0.00000
SETHEO---3.3-7.4.0,7.4.0,3.03524,0.00000,1100.00000,0.00000,0.00000
ePrincess---1.0-7.0.0,7.0.0,11.62671,0.00000,3350.00000,0.00000,0.00000
SPASS+T---2.2.22-7.4.0,7.4.0,8.04055,0.00000,805.00000,0.00000,0.00000
EQP---0.9e-8.1.0,8.1.0,1.94638,0.00000,579.00000,0.00000,0.00000
ePrincess---1.0-8.1.0,8.1.0,11.59329,0.00000,3336.00000,0.00000,0.00000
Beagle---0.9.47-7.2.0,7.2.0,31.15300,0.00000,7576.00000,0.00000,0.00000
cocATP---0.2.0-7.2.0,7.2.0,6.19361,0.00000,720.00000,0.00000,0.00000
S-SETHEO---0.0-8.1.0,8.1.0,5.27029,0.00000,1767.00000,0.00000,0.00000
SPASS---3.9-7.4.0,7.4.0,28.64294,0.00000,7776.00000,0.00000,0.00000
Zenon---0.7.1-7.5.0,7.5.0,4.74285,0.00000,1800.00000,0.00000,0.00000
E-KRHyper---1.4-6.4.0,6.4.0,0.00000,0.00000,0.00000,0.00000,0.00000
ePrincess---1.0-7.2.0,7.2.0,11.63769,0.00000,3351.00000,0.00000,0.00000
Isabelle---2016-7.5.0,7.5.0,55.76392,0.00000,10653.00000,0.00000,0.00000
MaedMax---1.3-8.0.0,8.0.0,2.73959,0.00000,696.00000,0.00000,0.00000
ET---0.2-7.0.0,7.0.0,63.62693,0.00000,10496.00000,0.00000,0.00000
SInE---0.4-7.0.0,7.0.0,13.91244,0.00000,3683.00000,0.00000,0.00000
Waldmeister---710-7.3.0,7.3.0,6.90389,0.00000,840.00000,0.00000,0.00000
Goeland---1.0.0-8.2.0,8.2.0,1.77132,0.00000,757.00000,0.00000,0.00000
CiME---2.01-7.5.0,7.5.0,1.76305,0.00000,530.00000,0.00000,0.00000
JavaRes---1.3.0-8.2.0,8.2.0,0.17416,0.00000,80.00000,0.00000,0.00000
DarwinFM---1.4.5-7.3.0,7.3.0,8.72887,0.00000,1355.00000,0.00000,0.00000
PyRes---1.2-7.4.0,7.4.0,9.12472,0.00000,3359.00000,0.00000,0.00000
Leo-III---1.7.0-8.2.0,8.2.0,76.45070,0.00000,11065.00000,0.00000,0.00000
FDP---0.9.16-7.0.0,7.0.0,7.49720,0.00000,2387.00000,0.00000,0.00000
SInE---0.4-8.2.0,8.2.0,14.04865,0.00000,3703.00000,0.00000,0.00000
Satallax---3.5-8.0.0,8.0.0,27.32065,0.00000,2309.00000,0.00000,0.00000
Beagle---0.9.32-6.4.0,6.4.0,32.31664,0.00000,7673.00000,0.00000,0.00000
SPASS-XDB---0.8-7.1.0,7.1.0,4.47684,0.00000,479.00000,0.00000,0.00000
Gandalf---c-2.6-7.1.0,7.1.0,14.15154,0.00000,3575.00000,0.00000,0.00000
Prover9---1109a-7.0.0,7.0.0,25.75197,0.00000,6395.00000,0.00000,0.00000
Faust---1.0-7.2.0,7.2.0,4.70578,0.00000,1884.00000,0.00000,0.00000
Zenon---0.7.1-8.2.0,8.2.0,4.73844,0.00000,1804.00000,0.00000,0.00000
Crossbow---0.1-7.1.0,7.1.0,0.01980,0.00000,2.00000,0.00000,0.00000
Isabelle-HOT---2016-7.5.0,7.5.0,55.13422,0.00000,10582.00000,0.00000,0.00000
SuperZenon---0.0.1-8.0.0,8.0.0,4.87983,0.00000,1851.00000,0.00000,0.00000
SuperZenon---0.0.1-7.5.0,7.5.0,4.87983,0.00000,1851.00000,0.00000,0.00000
SNARK---20120808r022-6.4.0,6.4.0,26.19070,0.00000,6848.00000,0.00000,0.00000
Matita---1.0-7.5.0,7.5.0,1.83525,0.00000,551.00000,0.00000,0.00000
SPASS+T---2.2.22-7.5.0,7.5.0,8.04055,0.00000,805.00000,0.00000,0.00000
Isabelle-HOT---2016-8.0.0,8.0.0,55.03071,0.00000,10570.00000,0.00000,0.00000
Geo-III---2015E-6.4.0,6.4.0,17.78785,0.00000,4770.00000,0.00000,0.00000
Infinox---1.0-6.4.0,6.4.0,0.00000,0.00000,0.00000,0.00000,0.00000
LEO-II---1.7.0-7.2.0,7.2.0,33.91861,0.00000,6667.00000,0.00000,0.00000
S-SETHEO---0.0-7.4.0,7.4.0,5.27335,0.00000,1768.00000,0.00000,0.00000
Isabelle---2016-8.1.0,8.1.0,55.76086,0.00000,10652.00000,0.00000,0.00000
Waldmeister---710-7.1.0,7.1.0,6.90389,0.00000,840.00000,0.00000,0.00000
Fampire---1.3-8.0.0,8.0.0,14.14106,0.00000,3785.00000,0.00000,0.00000
Fampire---1.3-8.1.0,8.1.0,14.51293,0.00000,3820.00000,0.00000,0.00000
leanCoP---2.2-7.0.0,7.0.0,8.65470,0.00000,2756.00000,0.00000,0.00000
iProver-Eq---0.85-7.2.0,7.2.0,19.54956,0.00000,5921.00000,0.00000,0.00000
S-SETHEO---0.0-8.0.0,8.0.0,5.27335,0.00000,1768.00000,0.00000,0.00000
Crossbow---0.1-7.2.0,7.2.0,0.01980,0.00000,2.00000,0.00000,0.00000
Muscadet---4.5-7.5.0,7.5.0,6.01939,0.00000,1688.00000,0.00000,0.00000
SPASS-XDB---0.8-7.5.0,7.5.0,4.47684,0.00000,479.00000,0.00000,0.00000
leanCoP---2.2-7.1.0,7.1.0,8.65470,0.00000,2756.00000,0.00000,0.00000
Paradox---3.0-7.0.0,7.0.0,16.38581,0.00000,2790.00000,0.00000,0.00000
SaKo---3.9-0.5.3-8.1.0,8.1.0,0.00000,0.00000,0.00000,0.00000,0.00000
Satallax---3.5-8.1.0,8.1.0,27.32065,0.00000,2309.00000,0.00000,0.00000
CVC4-SAT---1.5.2-7.0.0,7.0.0,10.56778,0.00000,1377.00000,0.00000,0.00000
PEPR---0.0ps-7.0.0,7.0.0,0.00000,0.00000,0.00000,0.00000,0.00000
Infinox---1.0-7.3.0,7.3.0,0.00000,0.00000,0.00000,0.00000,0.00000
nanoCoP---2.0-8.2.0,8.2.0,8.93537,0.00000,2821.00000,0.00000,0.00000
Fampire---1.3-7.0.0,7.0.0,14.10006,0.00000,3781.00000,0.00000,0.00000
Scavenger---EP-0.2-8.2.0,8.2.0,0.00652,0.00000,2.00000,0.00000,0.00000
SOS---2.0-8.0.0,8.0.0,8.59630,0.00000,3152.00000,0.00000,0.00000
SPASS---3.9-7.0.0,7.0.0,28.62205,0.00000,7772.00000,0.00000,0.00000
iProver-Eq---0.85-7.1.0,7.1.0,19.54956,0.00000,5921.00000,0.00000,0.00000
LEO-II---1.7.0-8.0.0,8.0.0,33.07131,0.00000,6598.00000,0.00000,0.00000
cvc5-SAT---1.0-8.1.0,8.1.0,50.97676,0.00000,8997.00000,0.00000,0.00000
SPASS---3.9-7.1.0,7.1.0,28.62205,0.00000,7772.00000,0.00000,0.00000
iProverMo---2.5-0.1-7.2.0,7.2.0,11.64794,0.00000,3348.00000,0.00000,0.00000
nanoCoP---1.1-7.5.0,7.5.0,8.42055,0.00000,2738.00000,0.00000,0.00000
Nitpick---2016-8.2.0,8.2.0,25.38152,0.00000,1661.00000,0.00000,0.00000
Infinox---1.0-8.0.0,8.0.0,0.00000,0.00000,0.00000,0.00000,0.00000
cocATP---0.2.0-6.4.0,6.4.0,6.19361,0.00000,720.00000,0.00000,0.00000
iProver---3.5-8.0.0,8.0.0,63.69488,0.00000,10810.00000,0.00000,0.00000
Waldmeister---710-8.2.0,8.2.0,7.29577,0.00000,837.00000,0.00000,0.00000
Scavenger---EP-0.2-7.4.0,7.4.0,0.00652,0.00000,2.00000,0.00000,0.00000
SNARK---20120808r022-7.4.0,7.4.0,26.22686,0.00000,6855.00000,0.00000,0.00000
Matita---1.0-7.3.0,7.3.0,1.83525,0.00000,551.00000,0.00000,0.00000
Fiesta---2-7.4.0,7.4.0,2.25495,0.00000,633.00000,0.00000,0.00000
DCTP---1.31-8.2.0,8.2.0,17.05480,0.00000,3574.00000,0.00000,0.00000
ZenonModulo---0.4.1-7.0.0,7.0.0,13.82960,0.00000,3250.00000,0.00000,0.00000
Gandalf---c-2.6-7.0.0,7.0.0,14.15154,0.00000,3575.00000,0.00000,0.00000
FDP---0.9.16-7.3.0,7.3.0,7.49720,0.00000,2387.00000,0.00000,0.00000
iProver-Eq---0.85-7.3.0,7.3.0,19.46420,0.00000,5883.00000,0.00000,0.00000
SOS---2.0-7.1.0,7.1.0,8.62194,0.00000,3170.00000,0.00000,0.00000
MaedMax---0.9-7.3.0,7.3.0,2.12580,0.00000,613.00000,0.00000,0.00000
SPASS---3.9-7.5.0,7.5.0,28.64294,0.00000,7776.00000,0.00000,0.00000
Etableau---0.67-8.2.0,8.2.0,44.52899,0.00000,9420.00000,0.00000,0.00000
SuperZenon---0.0.1-7.4.0,7.4.0,4.87983,0.00000,1851.00000,0.00000,0.00000
agsyHOL---1.0-7.0.0,7.0.0,16.16414,0.00000,1729.00000,0.00000,0.00000
Drodi---3.5.1-8.2.0,8.2.0,37.17521,0.00000,8880.00000,0.00000,0.00000
S-SETHEO---0.0-7.1.0,7.1.0,5.27335,0.00000,1768.00000,0.00000,0.00000
iProverMo---0.7-0.3-6.4.0,6.4.0,13.52934,0.00000,4202.00000,0.00000,0.00000
SRASS---0.1-7.2.0,7.2.0,13.83906,0.00000,3695.00000,0.00000,0.00000
Infinox---1.0-7.0.0,7.0.0,0.00000,0.00000,0.00000,0.00000,0.00000
Fiesta---2-8.2.0,8.2.0,2.32684,0.00000,644.00000,0.00000,0.00000
E-SAT---2.1-7.2.0,7.2.0,56.94573,0.00000,10767.00000,0.00000,0.00000
Faust---1.0-7.0.0,7.0.0,4.70578,0.00000,1884.00000,0.00000,0.00000
Moca---0.1-8.1.0,8.1.0,1.73207,0.00000,653.00000,0.00000,0.00000
Otter---3.3-8.2.0,8.2.0,12.01765,0.00000,4278.00000,0.00000,0.00000
E-KRHyper---1.4-7.4.0,7.4.0,0.00000,0.00000,0.00000,0.00000,0.00000
ET---2.0-7.0.0,7.0.0,0.00000,0.00000,0.00000,0.00000,0.00000
LEO-II---1.7.0-7.4.0,7.4.0,33.75306,0.00000,6663.00000,0.00000,0.00000
S-SETHEO---0.0-8.2.0,8.2.0,5.27029,0.00000,1767.00000,0.00000,0.00000
Faust---1.0-7.5.0,7.5.0,4.56676,0.00000,1827.00000,0.00000,0.00000
SATCoP---0.1-8.2.0,8.2.0,28.66528,0.00000,6424.00000,0.00000,0.00000
EQP---0.9e-8.0.0,8.0.0,1.91732,0.00000,571.00000,0.00000,0.00000
Zenon---0.7.1-7.4.0,7.4.0,4.74544,0.00000,1801.00000,0.00000,0.00000
Refute---2015-8.0.0,8.0.0,7.16338,0.00000,463.00000,0.00000,0.00000
CSE-F---1.0-8.0.0,8.0.0,0.24138,0.00000,87.00000,0.00000,0.00000
leanCoP---2.2-8.0.0,8.0.0,8.66196,0.00000,2758.00000,0.00000,0.00000
HOLyHammer---140616-6.4.0,6.4.0,0.00000,0.00000,0.00000,0.00000,0.00000
SOS---2.0-7.3.0,7.3.0,8.62194,0.00000,3170.00000,0.00000,0.00000
DarwinFM---1.4.5-8.1.0,8.1.0,12.49162,0.00000,2720.00000,0.00000,0.00000
ZenonModulo---0.4.1-6.4.0,6.4.0,13.82960,0.00000,3250.00000,0.00000,0.00000
cocATP---0.2.0-8.0.0,8.0.0,6.05436,0.00000,707.00000,0.00000,0.00000
agsyHOL---1.0-7.1.0,7.1.0,16.15513,0.00000,1728.00000,0.00000,0.00000
FDP---0.9.16-8.0.0,8.0.0,7.49720,0.00000,2387.00000,0.00000,0.00000
SPASS-XDB---0.8-6.4.0,6.4.0,4.47684,0.00000,479.00000,0.00000,0.00000
Matita---1.0-8.0.0,8.0.0,1.83525,0.00000,551.00000,0.00000,0.00000
EQP---0.9e-7.0.0,7.0.0,1.91732,0.00000,571.00000,0.00000,0.00000
RPx---1.0-8.2.0,8.2.0,6.60007,0.00000,2250.00000,0.00000,0.00000
HOLyHammer---0.21-8.0.0,8.0.0,11.27266,0.00000,1297.00000,0.00000,0.00000
Zenon---0.7.1-7.0.0,7.0.0,4.63913,0.00000,1787.00000,0.00000,0.00000
Lash---1.12-8.2.0,8.2.0,24.33658,0.00000,2084.00000,0.00000,0.00000
ET---2.0-8.1.0,8.1.0,30.42406,0.00000,5040.00000,0.00000,0.00000
Isabelle---2016-7.4.0,7.4.0,55.80293,0.00000,10655.00000,0.00000,0.00000
Otter---3.3-8.0.0,8.0.0,3.67150,0.00000,1345.00000,0.00000,0.00000
SNARK---20120808r022-8.0.0,8.0.0,26.22686,0.00000,6855.00000,0.00000,0.00000
nanoCoP---1.1-7.3.0,7.3.0,8.42055,0.00000,2738.00000,0.00000,0.00000
SETHEO---3.3-8.2.0,8.2.0,3.03218,0.00000,1099.00000,0.00000,0.00000
TPS---3.120601S1b-8.0.0,8.0.0,14.27874,0.00000,1470.00000,0.00000,0.00000
Satallax---3.2-7.1.0,7.1.0,27.33735,0.00000,2317.00000,0.00000,0.00000
nanoCoP---1.1-7.4.0,7.4.0,8.42055,0.00000,2738.00000,0.00000,0.00000
